{
  "Routes": [
    {
      "UpstreamPathTemplate": "/api/users",
      "UpstreamHttpMethod": [],
      "DownstreamHostAndPorts": [
        {
          "Host": "jsonplaceholder.typicode.com",
          "Port": 443
        }
      ],
      "DownstreamPathTemplate": "/users",
      "DownstreamScheme": "https",
      "Key": "users" //identificador

    },
    {
      "UpstreamPathTemplate": "/api/posts",
      "UpstreamHttpMethod": [],
      "DownstreamHostAndPorts": [
        {
          "Host": "jsonplaceholder.typicode.com",
          "Port": 443
        }
      ],
      "DownstreamPathTemplate": "/posts",
      "DownstreamScheme": "https",
      "Key": "posts" //identificador
    }


  ],
  "Aggregates": [
    {
      "RouteKeys": [ "users", "posts" ],
      "UpstreamPathTemplate": "/api/user-posts", // /api/user-posts
      "Aggregator": "UsersPostsAggregator"
    }
  ],



  "GlobalConfiguration": {
    "BaseUrl": "https://localhost:7139" // punto de entrada apigateway
  }
}
